Workbook

Sheet Ответы
B1: нужно цифру "1" поставить в клетку "Да" или "Нет" на каждое утверждение
C2: код | D2: 1234567890
B3: Утверждения, относящиеся ко мне (моему характеру) | C3: № | D3: Да | E3: Нет
B4: 1. Иногда мне в голову приходят такие мысли, что лучше никому о них не рассказывать. | C4: 1 | D4: 1 | F4: =SUM(D4:E4) -> 1
B5: 2. Я охотно принимаю участие во всех собраниях и других общественных мероприятиях. | C5: 2 | D5: 1 | F5: =SUM(D5:E5) -> 1
B6: 3. Часто какая-нибудь навязчивая мысль не дает мне заснуть. | C6: 3 | E6: 1 | F6: =SUM(D6:E6) -> 1
B7: 4. Временами у меня бывают приступы смеха или плача, с которыми я никак не могу справиться. | C7: 4 | E7: 1 | F7: =SUM(D7:E7) -> 1
B8: 5. Я сильно теряюсь, оказавшись неожиданно в центр внимания. | C8: 5 | E8: 1 | F8: =SUM(D8:E8) -> 1
B9: 6. Бывали случаи, что я не сдерживал своих обещаний. | C9: 6 | D9: 1 | F9: =SUM(D9:E9) -> 1
B10: 7. Критика, в том виде, в котором ее осуществляют многие люди, скорее выбивают меня из колеи, чем помогают. | C10: 7 | E10: 1 | F10: =SUM(D10:E10) -> 1
B11: 8. У меня часто болит голова. | C11: 8 | E11: 1 | F11: =SUM(D11:E11) -> 1
B12: 9. Если мое удачное замечание осталось незамеченным, я его не повторяю. | C12: 9 | E12: 1 | F12: =SUM(D12:E12) -> 1
B13: 10. Часто я склонен мысленно возвращаться к своим неприятностям, и мне трудно выбросить их из головы. | C13: 10 | E13: 1 | F13: =SUM(D13:E13) -> 1
B14: 11. Иногда я говорю неправду. | C14: 11 | D14: 1 | F14: =SUM(D14:E14) -> 1
B15: 12. В компании я чувствую себя неловко и из-за этого произвожу впечатление хуже, чем мог бы. | C15: 12 | E15: 1 | F15: =SUM(D15:E15) -> 1
B16: 13. Мне бывает трудно заснуть из-за беспокойства по поводу неудачи. | C16: 13 | E16: 1 | F16: =SUM(D16:E16) -> 1
B17: 14. Вставая утром, я часто чувствую себя усталым и разбитым. | C17: 14 | E17: 1 | F17: =SUM(D17:E17) -> 1
B18: 15. Раз в неделю или чаще я безо всякой видимой причины внезапно ощущаю жар во всем теле. | C18: 15 | E18: 1 | F18: =SUM(D18:E18) -> 1
B19: 16. Мне бывает трудно изложить свои мысли словами, поэтому я редко включаюсь в беседу. | C19: 16 | E19: 1 | F19: =SUM(D19:E19) -> 1
B20: 17. Бывает, что меня беспокоит чувство вины или угрызения совести и-за какого-нибудь пустяка. | C20: 17 | E20: 1 | F20: =SUM(D20:E20) -> 1
B21: 18. Бывало, что я говорил о вещах, в которых не разбираюсь. | C21: 18 | D21: 1 | F21: =SUM(D21:E21) -> 1
B22: 19. Бывает, что я передаю слухи. | C22: 19 | D22: 1 | F22: =SUM(D22:E22) -> 1
B23: 20. У меня бывают очень странные и необычные внутренние переживания. | C23: 20 | E23: 1 | F23: =SUM(D23:E23) -> 1
B24: 21. Уходя из дома, я часто беспокоюсь о том, что нужно сделать сегодня. | C24: 21 | E24: 1 | F24: =SUM(D24:E24) -> 1
B25: 22. Бывает, что у меня без особой причины кружится голова. | C25: 22 | E25: 1 | F25: =SUM(D25:E25) -> 1
B26: 23. Бывает, что я откладываю на завтра то, что нужно сделать сегодня. | C26: 23 | D26: 1 | F26: =SUM(D26:E26) -> 1
B27: 24. Я смущаюсь вступить в спор даже по хорошо известному мне вопросу. | C27: 24 | E27: 1 | F27: =SUM(D27:E27) -> 1
B28: 25. Я чрезмерно чувствителен и легко раним. | C28: 25 | E28: 1 | F28: =SUM(D28:E28) -> 1
B29: 26. Бывало, что я невежливо разговаривал с родителями | C29: 26 | D29: 1 | F29: =SUM(D29:E29) -> 1
B30: 27. Иногда, когда я неважно себя чувствую, я бываю раздражительными. | C30: 27 | D30: 1 | F30: =SUM(D30:E30) -> 1
B31: 28. Мне, безусловно, не хватает уверенности в себе. | C31: 28 | E31: 1 | F31: =SUM(D31:E31) -> 1
B32: 29. Я часто упускаю возможность из-за своей внутренней нерешительности. | C32: 29 | E32: 1 | F32: =SUM(D32:E32) -> 1
B33: 30. Я довольно безразличен к тому, что со мной будет. | C33: 30 | E33: 1 | F33: =SUM(D33:E33) -> 1
B34: 31. Я всегда выполняю то, что мне говорят старшие. | C34: 31 | D34: 1 | F34: =SUM(D34:E34) -> 1
B35: 32. Я остро и длительно переживаю неудачи. | C35: 32 | E35: 1 | F35: =SUM(D35:E35) -> 1
B36: 33. Я склонен принимать все слишком близко к сердцу. | C36: 33 | E36: 1 | F36: =SUM(D36:E36) -> 1
B37: 34. Иногда я хвалю себя. | C37: 34 | D37: 1 | F37: =SUM(D37:E37) -> 1
B38: 35. Я считаю, что моя семейная жизнь такая же хорошая, как и у большинства моих знакомых. | C38: 35 | D38: 1 | F38: =SUM(D38:E38) -> 1
B39: 36. Я часто чувствую себя одиноким и никому ненужным. | C39: 36 | E39: 1 | F39: =SUM(D39:E39) -> 1
B40: 37. Временами я уверен в своей бесполезности. | C40: 37 | E40: 1 | F40: =SUM(D40:E40) -> 1
B41: 38. Мне часто говорят, что я вспыльчив. | C41: 38 | E41: 1 | F41: =SUM(D41:E41) -> 1
B42: 39. В игре я предпочитаю выигрывать. | C42: 39 | D42: 1 | F42: =SUM(D42:E42) -> 1
B43: 40. Мое настроение зависит от общества, в котором я нахожусь. | C43: 40 | E43: 1 | F43: =SUM(D43:E43) -> 1
B44: 41. Сон у меня обычно богат яркими сновидениями. | C44: 41 | E44: 1 | F44: =SUM(D44:E44) -> 1
B45: 42. Последние несколько лет большую часть времени я чувствую себя хорошо. | C45: 42 | D45: 1 | F45: =SUM(D45:E45) -> 1
B46: 43. Сейчас мой вес постоянен (я не худею и не полнею). | C46: 43 | D46: 1 | F46: =SUM(D46:E46) -> 1
B47: 44. Люблю костюмы яркие и броские. | C47: 44 | E47: 1 | F47: =SUM(D47:E47) -> 1
B48: 45. В необычной и привлекающей внимание одежде я чувствую себя прекрасно. | C48: 45 | E48: 1 | F48: =SUM(D48:E48) -> 1
B49: 46. Мне приятно иметь среди своих знакомых значительных людей. Это как бы придает мне вес в собственных глазах. | C49: 46 | D49: 1 | F49: =SUM(D49:E49) -> 1
B50: 47. Я был бы довольно спокоен, если бы у кого-нибудь из моей семьи были неприятности из-за нарушения закона. | C50: 47 | E50: 1 | F50: =SUM(D50:E50) -> 1
B51: 48. Больше всего со стороны окружающих я ценю внимание ко мне. | C51: 48 | D51: 1 | F51: =SUM(D51:E51) -> 1
B52: 49. Я люблю одежду модную и необычную, которая невольно привлекает взоры. | C52: 49 | E52: 1 | F52: =SUM(D52:E52) -> 1
B53: 50. С моим рассудком творится что-то неладное. | C53: 50 | E53: 1 | F53: =SUM(D53:E53) -> 1
B54: 51. Когда я пытаюсь что-то сказать, то часто замечаю, что у меня дрожат руки. | C54: 51 | E54: 1 | F54: =SUM(D54:E54) -> 1
B55: 52. Приключения и риск меня привлекают, когда в них достается первая роль. | C55: 52 | E55: 1 | F55: =SUM(D55:E55) -> 1
B56: 53. Я всегда стремлюсь быть среди людей, чтобы «показать» себя. | C56: 53 | E56: 1 | F56: =SUM(D56:E56) -> 1
B57: 54. Руки у меня такие же ловкие и проворные как и прежде. | C57: 54 | D57: 1 | F57: =SUM(D57:E57) -> 1
B58: 55. Среди моих знакомых есть люди, которые мне не нравятся. | C58: 55 | D58: 1 | F58: =SUM(D58:E58) -> 1
B59: 56. Я люблю опекать кого-нибудь, кто мне нравится. | C59: 56 | E59: 1 | F59: =SUM(D59:E59) -> 1
B60: 57. Я люблю быть первым, чтобы мне подражали, за мной бы следовали другие. | C60: 57 | E60: 1 | F60: =SUM(D60:E60) -> 1
B61: 58. Думаю, что я человек обреченный. | C61: 58 | E61: 1 | F61: =SUM(D61:E61) -> 1
B62: 59. С членами моей семьи ссорюсь редко (или не ссорюсь совсем). | C62: 59 | E62: 1 | F62: =SUM(D62:E62) -> 1
B63: 60. Иногда я ощущаю комок в горле или другие необычные ощущения. | C63: 60 | E63: 1 | F63: =SUM(D63:E63) -> 1
B64: 61. Я люблю, когда окружающие уделяют мне много внимания. | C64: 61 | D64: 1 | F64: =SUM(D64:E64) -> 1
B65: 62. Бывает, что я с кем-нибудь посплетничаю. | C65: 62 | E65: 1 | F65: =SUM(D65:E65) -> 1
B66: 63. Часто я вижу сны, о которых лучше никому не рассказывать. | C66: 63 | D66: 1 | F66: =SUM(D66:E66) -> 1
B67: 64. Ужасно не люблю всякие правила и ограничения, которые меня стесняют. | C67: 64 | E67: 1 | F67: =SUM(D67:E67) -> 1
B68: 65. Я очень люблю читать о преступлениях и таинственных приключениях. | C68: 65 | E68: 1 | F68: =SUM(D68:E68) -> 1
B69: 66. Бывало, что при обсуждении некоторых вопросов, я, особенно не задумываясь, соглашался с мнением других. | C69: 66 | E69: 1 | F69: =SUM(D69:E69) -> 1
B70: 67. В школе я усваивал материал медленнее, чем другие. | C70: 67 | D70: 1 | F70: =SUM(D70:E70) -> 1
B71: 68. Мне нравится участвовать в конкурсах художественной самодеятельности . | C71: 68 | E71: 1 | F71: =SUM(D71:E71) -> 1
B72: 69. Считаю, что очень важно, чтобы результат моей работы стал известен окружающим. | C72: 69 | E72: 1 | F72: =SUM(D72:E72) -> 1
B73: 70. Моя внешность меня, в общем, устраивает. | C73: 70 | E73: 1 | F73: =SUM(D73:E73) -> 1
B74: 71. Я вполне уверен в себе. | C74: 71 | D74: 1 | F74: =SUM(D74:E74) -> 1
B75: 72. Я способен совершить нечто выдающееся. | C75: 72 | E75: 1 | F75: =SUM(D75:E75) -> 1
B76: 73. Мне нравится выступать перед кем-нибудь. | C76: 73 | E76: 1 | F76: =SUM(D76:E76) -> 1
B77: 74. Раз в неделю или чаще я бываю очень возбужденным или взволнованным. | C77: 74 | E77: 1 | F77: =SUM(D77:E77) -> 1
B78: 75. Кто-то управляет моими мыслями. | C78: 75 | E78: 1 | F78: =SUM(D78:E78) -> 1
B79: 76. Я бы согласился выступать в роли конферансье (ведущего) на концерте у какой-нибудь знаменитости. | C79: 76 | E79: 1 | F79: =SUM(D79:E79) -> 1
B80: 77. Меня всегда раздражают люди, которые стремятся быть первыми в компании. | C80: 77 | E80: 1 | F80: =SUM(D80:E80) -> 1
B81: 78. На моё настроение существенно влияет погода. | C81: 78 | E81: 1 | F81: =SUM(D81:E81) -> 1
B82: 79. Бывает, что неприличная или даже непристойная шутка вызывает у меня смех. | C82: 79 | D82: 1 | F82: =SUM(D82:E82) -> 1
B83: 80. У меня портится настроение, я чувствую себя плохо, если окружающие не проявляют ко мне должного внимания. | C83: 80 | E83: 1 | F83: =SUM(D83:E83) -> 1
B84: 81. Мне нравится цитировать необычные (мудрые) высказывания знаменитых людей. | C84: 81 | E84: 1 | F84: =SUM(D84:E84) -> 1
B85: 82. Счастливей всего я бываю, когда один. | C85: 82 | E85: 1 | F85: =SUM(D85:E85) -> 1
B86: 83. Кто-то пытается воздействовать на мои мысли. | C86: 83 | E86: 1 | F86: =SUM(D86:E86) -> 1
B87: 84. В компаниях я почти всегда являюсь центром внимания. | C87: 84 | E87: 1 | F87: =SUM(D87:E87) -> 1
B88: 85. Я отношусь к таким людям, которые умеют восторгаться и преклоняться перед кем или чем-либо. | C88: 85 | E88: 1 | F88: =SUM(D88:E88) -> 1
B89: 86. Я часто копаюсь в своих недостатках. | C89: 86 | E89: 1 | F89: =SUM(D89:E89) -> 1
B90: 87. Даже среди людей я обычно чувствую себя одиноко. | C90: 87 | E90: 1 | F90: =SUM(D90:E90) -> 1
B91: 88. В компании я люблю рассказывать разные истории для того, чтобы завладеть общим вниманием. | C91: 88 | E91: 1 | F91: =SUM(D91:E91) -> 1
B92: 89. Мне нравится заводить знакомства с влиятельными и авторитетными людьми. | C92: 89 | E92: 1 | F92: =SUM(D92:E92) -> 1
B93: 90. Меня легко привести в замешательство. | C93: 90 | E93: 1 | F93: =SUM(D93:E93) -> 1
B94: 91. Я легко теряю терпение с людьми. | C94: 91 | E94: 1 | F94: =SUM(D94:E94) -> 1
... B101: 98. Я очень последователен в своих религиозных убеждениях. | C101: 98 | E101: 1 | F101: =SUM(D101:E101) -> 1
B102: 99. Приступы плохого настроения у меня бывают редко. | C102: 99 | D102: 1 | F102: =SUM(D102:E102) -> 1
B103: 100. Я часто поступаю по настроению, а не по убеждению. | C103: 100 | E103: 1 | F103: =SUM(D103:E103) -> 1
B104: 101. Часто в споре я перехожу на личности. | C104: 101 | E104: 1 | F104: =SUM(D104:E104) -> 1
B105: 102. Я заслуживаю сурового наказания за свои поступки. | C105: 102 | E105: 1 | F105: =SUM(D105:E105) -> 1
B106: 103. У меня были очень необычные мистические переживания. | C106: 103 | E106: 1 | F106: =SUM(D106:E106) -> 1
...

Sheet Шкала
D3: Isk | E3: Con | F3: Ast | G3: Ist | H3: Psi | I3: NPN
B4: 1. Иногда мне в голову приходят такие нехорошие мысли, что лучше никому о них не рассказывать. | C4: 1 | D4: =IF(Ответы!E4=1,1,0) -> 0
B5: 2. Я охотно принимаю участие во всех собраниях и других общественных мероприятиях. | C5: 2 | D5: =IF(Ответы!D5=1,1,0) -> 1
B6: 3. Часто какая-нибудь навязчивая мысль не дает мне заснуть. | C6: 3 | F6: =IF(Ответы!D6=1,1,0) -> 0
B7: 4. Временами у меня бывают приступы смеха или плача, с которыми я никак не могу справиться. | C7: 4 | E7: =IF(Ответы!D7=1,1,0) -> 0 | G7: =IF(Ответы!D7=1,1,0) -> 0 | I7: =IF(Ответы!D7=1,1,0) -> 0
B8: 5. Я сильно теряюсь, оказавшись неожиданно в центр внимания. | C8: 5 | F8: =IF(Ответы!D8=1,1,0) -> 0
B9: 6. Бывали случаи, что я не сдерживал своих обещаний. | C9: 6 | D9: =IF(Ответы!E9=1,1,0) -> 0
B10: 7. Критика, в том виде, в котором ее осуществляют многие люди, скорее выбивают меня из колеи, чем помогают. | C10: 7 | F10: =IF(Ответы!D10=1,1,0) -> 0
B11: 8. У меня часто болит голова. | C11: 8 | I11: =IF(Ответы!D11=1,1,0) -> 0
B12: 9. Если мое удачное замечание осталось незамеченным, я его не повторяю. | C12: 9 | F12: =IF(Ответы!D12=1,1,0) -> 0
B13: 10. Часто я склонен мысленно возвращаться к своим неприятностям, и мне трудно выбросить их из головы. | C13: 10 | F13: =IF(Ответы!D13=1,1,0) -> 0 | I13: =IF(Ответы!D13=1,1,0) -> 0
B14: 11. Иногда я говорю неправду. | C14: 11 | D14: =IF(Ответы!E14=1,1,0) -> 0
B15: 12. В компании я чувствую себя неловко и из-за этого произвожу впечатление хуже, чем мог бы. | C15: 12 | F15: =IF(Ответы!D15=1,1,0) -> 0
B16: 13. Мне бывает трудно заснуть из-за беспокойства по поводу неудачи. | C16: 13 | F16: =IF(Ответы!D16=1,1,0) -> 0
B17: 14. Вставая утром, я часто чувствую себя усталым и разбитым. | C17: 14 | F17: =IF(Ответы!D17=1,1,0) -> 0
B18: 15. Раз в неделю или чаще я безо всякой видимой причины внезапно ощущаю жар во всем теле. | C18: 15 | I18: =IF(Ответы!D18=1,1,0) -> 0
B19: 16. Мне бывает трудно изложить свои мысли словами, поэтому я редко включаюсь в беседу. | C19: 16 | F19: =IF(Ответы!D19=1,1,0) -> 0
B20: 17. Бывает, что меня беспокоит чувство вины или угрызения совести и-за какого-нибудь пустяка. | C20: 17 | F20: =IF(Ответы!D20=1,1,0) -> 0
B21: 18. Бывало, что я говорил о вещах, в которых не разбираюсь. | C21: 18 | D21: =IF(Ответы!E21=1,1,0) -> 0
B22: 19. Бывает, что я передаю слухи. | C22: 19 | D22: =IF(Ответы!E22=1,1,0) -> 0
B23: 20. У меня бывают очень странные и необычные внутренние переживания. | C23: 20 | E23: =IF(Ответы!D23=1,1,0) -> 0 | F23: =IF(Ответы!D23=1,1,0) -> 0 | I23: =IF(Ответы!D23=1,1,0) -> 0
B24: 21. Уходя из дома, я часто беспокоюсь о том, что нужно сделать сегодня. | C24: 21 | F24: =IF(Ответы!D24=1,1,0) -> 0
B25: 22. Бывает, что у меня без особой причины кружится голова. | C25: 22 | I25: =IF(Ответы!D25=1,1,0) -> 0
B26: 23. Бывает, что я откладываю на завтра то, что нужно сделать сегодня. | C26: 23 | D26: =IF(Ответы!E26=1,1,0) -> 0
B27: 24. Я смущаюсь вступить в спор даже по хорошо известному мне вопросу. | C27: 24 | F27: =IF(Ответы!D27=1,1,0) -> 0
B28: 25. Я чрезмерно чувствителен и легко раним. | C28: 25 | I28: =IF(Ответы!D28=1,1,0) -> 0
B29: 26. Бывало, что я невежливо разговаривал с родителями | C29: 26 | D29: =IF(Ответы!E29=1,1,0) -> 0
B30: 27. Иногда, когда я неважно себя чувствую, я бываю раздражительными. | C30: 27 | D30: =IF(Ответы!E30=1,1,0) -> 0
B31: 28. Мне, безусловно, не хватает уверенности в себе. | C31: 28 | F31: =IF(Ответы!D31=1,1,0) -> 0
B32: 29. Я часто упускаю возможность из-за своей внутренней нерешительности. | C32: 29 | F32: =IF(Ответы!D32=1,1,0) -> 0
B33: 30. Я довольно безразличен к тому, что со мной будет. | C33: 30 | E33: =IF(Ответы!D33=1,1,0) -> 0 | I33: =IF(Ответы!D33=1,1,0) -> 0
B34: 31. Я всегда выполняю то, что мне говорят старшие. | C34: 31 | D34: =IF(Ответы!D34=1,1,0) -> 1
B35: 32. Я остро и длительно переживаю неудачи. | C35: 32 | F35: =IF(Ответы!D35=1,1,0) -> 0 | I35: =IF(Ответы!D35=1,1,0) -> 0
B36: 33. Я склонен принимать все слишком близко к сердцу. | C36: 33 | F36: =IF(Ответы!D36=1,1,0) -> 0 | I36: =IF(Ответы!D36=1,1,0) -> 0
B37: 34. Иногда я хвалю себя. | C37: 34 | D37: =IF(Ответы!E37=1,1,0) -> 0
B38: 35. Я считаю, что моя семейная жизнь такая же хорошая, как и у большинства моих знакомых. | C38: 35 | I38: =IF(Ответы!E38=1,1,0) -> 0
B39: 36. Я часто чувствую себя одиноким и никому ненужным. | C39: 36 | E39: =IF(Ответы!D39=1,1,0) -> 0 | F39: =IF(Ответы!D39=1,1,0) -> 0 | I39: =IF(Ответы!D39=1,1,0) -> 0
B40: 37. Временами я уверен в своей бесполезности. | C40: 37 | F40: =IF(Ответы!D40=1,1,0) -> 0 | I40: =IF(Ответы!D40=1,1,0) -> 0
B41: 38. Мне часто говорят, что я вспыльчив. | C41: 38 | I41: =IF(Ответы!D41=1,1,0) -> 0
B42: 39. В игре я предпочитаю выигрывать. | C42: 39 | D42: =IF(Ответы!E42=1,1,0) -> 0
B43: 40. Мое настроение зависит от общества, в котором я нахожусь. | C43: 40 | G43: =IF(Ответы!D43=1,1,0) -> 0
B44: 41. Сон у меня обычно богат яркими сновидениями. | C44: 41 | G44: =IF(Ответы!D44=1,1,0) -> 0
B45: 42. Последние несколько лет большую часть времени я чувствую себя хорошо. | C45: 42 | I45: =IF(Ответы!E45=1,1,0) -> 0
B46: 43. Сейчас мой вес постоянен (я не худею и не полнею). | C46: 43 | I46: =IF(Ответы!E46=1,1,0) -> 0
B47: 44. Люблю костюмы яркие и броские. | C47: 44 | G47: =IF(Ответы!D47=1,1,0) -> 0
B48: 45. В необычной и привлекающей внимание одежде я чувствую себя прекрасно. | C48: 45 | G48: =IF(Ответы!D48=1,1,0) -> 0
B49: 46. Мне приятно иметь среди своих знакомых значительных людей. Это как бы придает мне вес в собственных глазах. | C49: 46 | D49: =IF(Ответы!E49=1,1,0) -> 0
B50: 47. Я был бы довольно спокоен, если бы у кого-нибудь из моей семьи были неприятности из-за нарушения закона. | C50: 47 | I50: =IF(Ответы!D50=1,1,0) -> 0
B51: 48. Больше всего со стороны окружающих я ценю внимание ко мне. | C51: 48 | G51: =IF(Ответы!D51=1,1,0) -> 1
B52: 49. Я люблю одежду модную и необычную, которая невольно привлекает взоры. | C52: 49 | G52: =IF(Ответы!D52=1,1,0) -> 0
B53: 50. С моим рассудком творится что-то неладное. | C53: 50 | E53: =IF(Ответы!D53=1,1,0) -> 0 | I53: =IF(Ответы!D53=1,1,0) -> 0
B54: 51. Когда я пытаюсь что-то сказать, то часто замечаю, что у меня дрожат руки. | C54: 51 | I54: =IF(Ответы!D54=1,1,0) -> 0
B55: 52. Приключения и риск меня привлекают, когда в них достается первая роль. | C55: 52 | G55: =IF(Ответы!D55=1,1,0) -> 0
B56: 53. Я всегда стремлюсь быть среди людей, чтобы «показать» себя. | C56: 53 | G56: =IF(Ответы!D56=1,1,0) -> 0
B57: 54. Руки у меня такие же ловкие и проворные как и прежде. | C57: 54
B58: 55. Среди моих знакомых есть люди, которые мне не нравятся. | C58: 55 | D58: =IF(Ответы!E58=1,1,0) -> 0
B59: 56. Я люблю опекать кого-нибудь, кто мне нравится. | C59: 56 | G59: =IF(Ответы!D59=1,1,0) -> 0
B60: 57. Я люблю быть первым, чтобы мне подражали, за мной бы следовали другие. | C60: 57 | G60: =IF(Ответы!D60=1,1,0) -> 0
B61: 58. Думаю, что я человек обреченный. | C61: 58 | I61: =IF(Ответы!D61=1,1,0) -> 0
B62: 59. С членами моей семьи ссорюсь очень редко. | C62: 59
B63: 60. Иногда я ощущаю комок в горле или другие необычные ощущения. | C63: 60 | G63: =IF(Ответы!D63=1,1,0) -> 0 | I63: =IF(Ответы!D63=1,1,0) -> 0
B64: 61. Я люблю, когда окружающие уделяют мне много внимания. | C64: 61
B65: 62. Бывает, что я с кем-нибудь посплетничаю. | C65: 62 | D65: =IF(Ответы!E65=1,1,0) -> 1
B66: 63. Часто я вижу сны, о которых лучше никому не рассказывать. | C66: 63 | I66: =IF(Ответы!D66=1,1,0) -> 1
B67: 64. Ужасно не люблю всякие правила и ограничения, которые меня стесняют. | C67: 64 | G67: =IF(Ответы!D67=1,1,0) -> 0
B68: 65. Я очень люблю читать о преступлениях и таинственных приключениях. | C68: 65 | G68: =IF(Ответы!D68=1,1,0) -> 0
B69: 66. Бывало, что при обсуждении некоторых вопросов, я, особенно не задумываясь, соглашался с мнением других. | C69: 66 | D69: =IF(Ответы!E69=1,1,0) -> 1
B70: 67. В школе я усваивал материал медленнее, чем другие. | C70: 67 | I70: =IF(Ответы!D67=1,1,0) -> 0
B71: 68. Мне нравится участвовать в конкурсах художественной самодеятельности . | C71: 68 | G71: =IF(Ответы!D71=1,1,0) -> 0
B72: 69. Считаю, что очень важно, чтобы результат моей работы стал известен окружающим. | C72: 69 | G72: =IF(Ответы!D72=1,1,0) -> 0
B73: 70. Моя внешность меня, в общем, устраивает. | C73: 70
B74: 71. Я вполне уверен в себе. | C74: 71 | I74: =IF(Ответы!E74=1,1,0) -> 0
B75: 72. Я способен совершить нечто выдающееся. | C75: 72 | G75: =IF(Ответы!D75=1,1,0) -> 0
B76: 73. Мне нравится выступать перед кем-нибудь. | C76: 73 | G76: =IF(Ответы!D76=1,1,0) -> 0
B77: 74. Раз в неделю или чаще я бываю очень возбужденным или взволнованным. | C77: 74 | I77: =IF(Ответы!D77=1,1,0) -> 0
B78: 75. Кто-то управляет моими мыслями. | C78: 75 | E78: =IF(Ответы!D78=1,1,0) -> 0 | I78: =IF(Ответы!D78=1,1,0) -> 0
B79: 76. Я бы согласился выступать в роли конферансье на концерте у какой-нибудь знаменитости. | C79: 76 | G79: =IF(Ответы!D79=1,1,0) -> 0
B80: 77. Меня всегда раздражают люди, которые стремятся быть первыми в компании. | C80: 77 | G80: =IF(Ответы!D80=1,1,0) -> 0
B81: 78. На моё настроение существенно влияет погода. | C81: 78
B82: 79. Бывает, что неприличная или даже непристойная шутка вызывает у меня смех. | C82: 79 | D82: =IF(Ответы!E82=1,1,0) -> 0
B83: 80. У меня портится настроение, я чувствую себя плохо, если окружающие не проявляют ко мне должного внимания. | C83: 80 | G83: =IF(Ответы!D83=1,1,0) -> 0
B84: 81. Мне нравится цитировать необычные (мудрые) высказывания знаменитых людей. | C84: 81 | G84: =IF(Ответы!D84=1,1,0) -> 0
B85: 82. Счастливей всего я бываю, когда один. | C85: 82 | E85: =IF(Ответы!D85=1,1,0) -> 0 | I85: =IF(Ответы!D85=1,1,0) -> 0
B86: 83. Кто-то пытается воздействовать на мои мысли. | C86: 83 | E86: =IF(Ответы!D86=1,1,0) -> 0 | I86: =IF(Ответы!D86=1,1,0) -> 0
B87: 84. В компаниях я почти всегда являюсь центром внимания. | C87: 84 | G87: =IF(Ответы!D87=1,1,0) -> 0
B88: 85. Я отношусь к таким людям, которые умеют восторгаться и преклоняться перед кем или чем-либо. | C88: 85 | G88: =IF(Ответы!D88=1,1,0) -> 0
B89: 86. Я часто копаюсь в своих недостатках. | C89: 86 | I89: =IF(Ответы!D89=1,1,0) -> 0
B90: 87. Даже среди людей я обычно чувствую себя одиноко. | C90: 87 | E90: =IF(Ответы!D90=1,1,0) -> 0 | I90: =IF(Ответы!D90=1,1,0) -> 0
B91: 88. В компании я люблю рассказывать разные истории для того, чтобы завладеть общим вниманием. | C91: 88 | G91: =IF(Ответы!D91=1,1,0) -> 0
B92: 89. Мне нравится заводить знакомства с влиятельными и авторитетными людьми. | C92: 89 | G92: =IF(Ответы!D92=1,1,0) -> 0
B93: 90. Меня легко привести в замешательство. | C93: 90
B94: 91. Я легко теряю терпение с людьми. | C94: 91 | I94: =IF(Ответы!D94=1,1,0) -> 0
B95: 92. Для меня свойственна некоторая капризность. | C95: 92 | G95: =IF(Ответы!D95=1,1,0) -> 0
B96: 93. Мне нравится, когда меня признают главой или зачинщиком. | C96: 93 | G96: =IF(Ответы!D96=1,1,0) -> 0
B97: 94. Часто мне хочется умереть. | C97: 94 | E97: =IF(Ответы!D97=1,1,0) -> 0 | I97: =IF(Ответы!D97=1,1,0) -> 0
B98: 95. Почти каждый день случается что-нибудь, что пугает меня. | C98: 95 | I98: =IF(Ответы!D98=1,1,0) -> 0
B99: 96. Мне доставляет удовольствие совершать рискованные поступки, иногда ради забавы. | C99: 96 | G99: =IF(Ответы!D99=1,1,0) -> 0
B100: 97. У меня есть такие качества, по которым я определенно превосхожу других людей. | C100: 97 | G100: =IF(Ответы!D100=1,1,0) -> 0
B101: 98. Я очень последователен в своих религиозных убеждениях. | C101: 98 | I101: =IF(Ответы!D101=1,1,0) -> 0
B102: 99. Приступы плохого настроения у меня бывают редко. | C102: 99
...

Sheet Резюме
A2: Условные обозначения (названия шкал тестов):
A3: Л – шкала лжи («социальной желательности») норма: от 0 до 9; если выше – недостаточная достоверность (рекомендуется ретест через 2 недели);
A4: Кон – контрольные вопросы на склонность с аутоагрессии норма: до 6 (из 14)
A5: НПН – нервно-писхической неустойчивости; норма : от 0 до 23 балла – для реком.; общее число вопросов – 67.
A6: Пп – психопатии ш. (вероятность неадекватой реакции на стимул); норма от 0 до 13 (из 30);
A7: Ист – истероидность ; норма от 0 до 27 (из 30)
A8: Па – психастении шкала; норма: от 0 до 15 (из 19)
D11: База выходная:
D13: дата
D14: код | E14: =Ответы!D2 -> 1234567890
D15: возраст
D16: Пол
D18: Достоверность | E18: не достоверен | F18: (внимание: при суммировании ответ на первый вопрос не учитывается) | H18: 0 | J18: > 9 | K18: не достоверен
D19: Аутоагрессия | E19: -
D20: Нервно-психическая устойчивость | E20: -
D21: Психопатическая реакция | E21: -
D22: Истероидные проявления | E22: -
D23: Ранимость, чувствительность | E23: -
D25: или
C27: Isk | D27: Достоверность | E27: =CONCATENATE(LEFT(Шкала!D165,2)," из 15") -> 4 из 15 | F27: (внимание: при суммировании ответ на первый вопрос не учитывается) | G27: 0-9 | H27: 1 | J27: норма
C28: Con | D28: Аутоагрессия | E28: =CONCATENATE(LEFT(Шкала!E165,2)," из 14") -> 0 из 14 | G28: 6-8 | H28: 2 | J28: условно рекомендован | L28: > 8 | M28: нереомендован
C29: NPN | D29: Нервно-психическая устойчивость | E29: =CONCATENATE(LEFT(Шкала!I165,2)," из 67") -> 2 из 67 | G29: 23-30 | H29: 3 | J29: условно рекомендован | L29: > 30 | M29: нереомендован
C30: Psi | D30: Психопатическая реакция | E30: =CONCATENATE(LEFT(Шкала!H165,2)," из 30") -> 3 из 30 | H30: 4 | L30: > 13 | M30: нереомендован
C31: Ist | D31: Истероидные проявления | E31: =CONCATENATE(LEFT(Шкала!G165,2)," из 30") -> 1 из 30 | G31: 27-30 | H31: 5 | J31: условно рекомендован
C32: Ast | D32: Ранимость, чувствительность | E32: =CONCATENATE(LEFT(Шкала!F165,2)," из 19") -> 0 из 19 | G32: 15-19 | H32: 6 | J32: условно рекомендован
H34: варианты
D35: резюме | F35: (ретест, рекомендован, нерекомендован, условно рекомендован) | H35: a | I35: Л | J35: > 9 | K35: ретест
H36: b | I36: Кон | J36: > 9 | K36: нереомендован
H37: c | I37: НПН | J37: > 30 | K37: нереомендован
H38: d | I38: Пп | J38: > 13 | K38: нереомендован
H39: e | J39: норма
H40: f | J40: условно рекомендован
D42: Для каждого
D45: Дата
D46: Код | E46: 1234567890
D47: Возраст
D48: Пол
D50: Достоверность | F50: достоверность N% или недостоверен
D51: Аутоагрессия | F51: низкая (норма), средняя, высокая
D52: Нервно-психическая устойчивость | F52: высокая (норма), средняя, низкая
D53: Психопатическая реакция | F53: низкая вероятность (норма), возможно неадекватная реакция на стимул
D54: Истериойдные проявления | F54: низкая вероятность (норма), возможный
D55: Ранимость, чувствительность | F55: норма, повышенная
D57: Резюме | F57: (ретест, рекомендован, нерекомендован, условно рекомендован)
